{
  "project_info": {
    "project_number": "654060098952",
    "firebase_url": "https://visitsongkhla.firebaseio.com",
    "project_id": "visitsongkhla",
    "storage_bucket": "visitsongkhla.appspot.com"
  },
  "client": [
    {
      "client_info": {
        "mobilesdk_app_id": "1:654060098952:android:d93711f83c0d313f",
        "android_client_info": {
          "package_name": "com.example.deimos.visitsongkhla"
        }
      },
      "oauth_client": [
        {
          "client_id": "654060098952-sua8qcb3ls8qoki9fegi8sn1lti0bfj6.apps.googleusercontent.com",
          "client_type": 1,
          "android_info": {
            "package_name": "com.example.deimos.visitsongkhla",
            "certificate_hash": "4df9bbce60e2838424f6a65a8e7cbf5f50c66b99"
          }
        },
        {
          "client_id": "654060098952-m7uv4sa9304cadifk6h1rv7mc9o9fjcl.apps.googleusercontent.com",
          "client_type": 3
        }
      ],
      "api_key": [
        {
          "current_key": "AIzaSyBg9g4o6-vVxylkWfD57rZAnLL4OPNxOb8"
        }
      ],
      "services": {
        "appinvite_service": {
          "other_platform_oauth_client": [
            {
              "client_id": "654060098952-m7uv4sa9304cadifk6h1rv7mc9o9fjcl.apps.googleusercontent.com",
              "client_type": 3
            }
          ]
        }
      }
    },
    {
      "client_info": {
        "mobilesdk_app_id": "1:654060098952:android:0ae7a6b29b20de6a",
        "android_client_info": {
          "package_name": "com.visitsongkhla.deimos.visitsongkhla"
        }
      },
      "oauth_client": [
        {
          "client_id": "654060098952-dnmnc9kmq441miu5gdj9hr6f11ulllv3.apps.googleusercontent.com",
          "client_type": 1,
          "android_info": {
            "package_name": "com.visitsongkhla.deimos.visitsongkhla",
            "certificate_hash": "4df9bbce60e2838424f6a65a8e7cbf5f50c66b99"
          }
        },
        {
          "client_id": "654060098952-m7uv4sa9304cadifk6h1rv7mc9o9fjcl.apps.googleusercontent.com",
          "client_type": 3
        }
      ],
      "api_key": [
        {
          "current_key": "AIzaSyBg9g4o6-vVxylkWfD57rZAnLL4OPNxOb8"
        }
      ],
      "services": {
        "appinvite_service": {
          "other_platform_oauth_client": [
            {
              "client_id": "654060098952-m7uv4sa9304cadifk6h1rv7mc9o9fjcl.apps.googleusercontent.com",
              "client_type": 3
            }
          ]
        }
      }
    }
  ],
  "configuration_version": "1"
}